-- MySQL dump 10.13  Distrib 5.5.28, for debian-linux-gnu (x86_64)
--
-- Host: localhost    Database: bs_apps_ciandt_dev
-- ------------------------------------------------------
-- Server version	5.5.28-0ubuntu0.12.10.1

/*!40101 SET @OLD_CHARACTER_SET_CLIENT=@@CHARACTER_SET_CLIENT */;
/*!40101 SET @OLD_CHARACTER_SET_RESULTS=@@CHARACTER_SET_RESULTS */;
/*!40101 SET @OLD_COLLATION_CONNECTION=@@COLLATION_CONNECTION */;
/*!40101 SET NAMES utf8 */;
/*!40103 SET @OLD_TIME_ZONE=@@TIME_ZONE */;
/*!40103 SET TIME_ZONE='+00:00' */;
/*!40014 SET @OLD_UNIQUE_CHECKS=@@UNIQUE_CHECKS, UNIQUE_CHECKS=0 */;
/*!40014 SET @OLD_FOREIGN_KEY_CHECKS=@@FOREIGN_KEY_CHECKS, FOREIGN_KEY_CHECKS=0 */;
/*!40101 SET @OLD_SQL_MODE=@@SQL_MODE, SQL_MODE='NO_AUTO_VALUE_ON_ZERO' */;
/*!40111 SET @OLD_SQL_NOTES=@@SQL_NOTES, SQL_NOTES=0 */;

--
-- Table structure for table `barrio`
--

DROP TABLE IF EXISTS `barrio`;
/*!40101 SET @saved_cs_client     = @@character_set_client */;
/*!40101 SET character_set_client = utf8 */;
CREATE TABLE `barrio` (
  `id` int(11) NOT NULL AUTO_INCREMENT,
  `nombre` varchar(60) NOT NULL,
  PRIMARY KEY (`id`)
) ENGINE=InnoDB AUTO_INCREMENT=24 DEFAULT CHARSET=latin1;
/*!40101 SET character_set_client = @saved_cs_client */;

--
-- Dumping data for table `barrio`
--

LOCK TABLES `barrio` WRITE;
/*!40000 ALTER TABLE `barrio` DISABLE KEYS */;
INSERT INTO `barrio` VALUES (1,'Villa Luro'),(2,'Balvanera'),(3,'Caballito'),(4,'Flores'),(5,'Palermo'),(6,'Núñez'),(7,'Villa Lugano'),(8,'Villa Soldati'),(9,'Saavedra'),(10,'Belgrano'),(11,'San Telmo'),(12,'Almagro'),(13,'Floresta'),(14,'Monserrat'),(15,'Parque Avellaneda'),(16,'Barracas'),(17,'San Cristóbal'),(18,'Paternal'),(19,'Liniers'),(20,'Boca'),(21,'Parque Chacabuco'),(22,'San Nicolás'),(23,'Nueva Pompeya');
/*!40000 ALTER TABLE `barrio` ENABLE KEYS */;
UNLOCK TABLES;

--
-- Table structure for table `categorias`
--

DROP TABLE IF EXISTS `categorias`;
/*!40101 SET @saved_cs_client     = @@character_set_client */;
/*!40101 SET character_set_client = utf8 */;
CREATE TABLE `categorias` (
  `id` int(11) NOT NULL AUTO_INCREMENT,
  `nombre` varchar(80) NOT NULL,
  PRIMARY KEY (`id`)
) ENGINE=InnoDB DEFAULT CHARSET=latin1;
/*!40101 SET character_set_client = @saved_cs_client */;

--
-- Dumping data for table `categorias`
--

LOCK TABLES `categorias` WRITE;
/*!40000 ALTER TABLE `categorias` DISABLE KEYS */;
/*!40000 ALTER TABLE `categorias` ENABLE KEYS */;
UNLOCK TABLES;

--
-- Table structure for table `centros`
--

DROP TABLE IF EXISTS `centros`;
/*!40101 SET @saved_cs_client     = @@character_set_client */;
/*!40101 SET character_set_client = utf8 */;
CREATE TABLE `centros` (
  `id` int(11) NOT NULL AUTO_INCREMENT,
  `nombre` varchar(90) NOT NULL,
  `atencion` varchar(120) NOT NULL,
  `direccion` varchar(60) NOT NULL,
  `dpto` varchar(24) NOT NULL,
  `telefono` varchar(60) NOT NULL,
  PRIMARY KEY (`id`)
) ENGINE=InnoDB AUTO_INCREMENT=44 DEFAULT CHARSET=latin1;
/*!40101 SET character_set_client = @saved_cs_client */;

--
-- Dumping data for table `centros`
--

LOCK TABLES `centros` WRITE;
/*!40000 ALTER TABLE `centros` DISABLE KEYS */;
INSERT INTO `centros` VALUES (1,'ALBERDI','18:00 a 21:00 (lun a vie)','Avda. Juan Bautista Alberdi 4755','13º ','4683-3331'),(2,'AMIA (Asociación Mutual Israelita Argentina)','9:30 a 16:30 (lun a vie)','Pte. José Evaristo Uriburu 650','01º','4959-8824'),(3,'ANCHORENA ','17:30 a 20:30 (lun a vie)','Dr. Tomás Manuel de Anchorena 441 - Valentín Gómez 3187','02º','4861-2434'),(4,'ANGEL GALLARDO','18:00 a 21:00 (lun a vie)','Avda. Ángel Gallardo 246/250','02º','4863-2923'),(5,'ARANGUREN','18:00 a 21:00 (lun a vie)','Dr. Juan Felipe Aranguren 2400','12º','4613-2865'),(6,'ARÉVALO','18:00 a 21:00 (Lun a Juev)','Arévalo 1408','09º','4772-9560'),(7,'CABILDO','18:00 a 21:00 (lun a vie)','Avda. Cabildo 3615','10º','4702-4839'),(8,'CAFAYATE',' 17:30 a 20:30 (lun a vie)','Cafayate 5388','21º','4605-3904'),(9,'CARITAS LUGANO',' 9:00 a 11:15 (lun y mié); 9:00 a 15:15 (mar); 9:00 a 19:00 (vie)','Corvalán 3565','21º','4602-9383'),(10,'CARRILLO',' 09:00 a 12:00  (lun a mie); 14:00 a 16:00 (vie)','Martínez Castro y Pasaje F','19º','4637-4836'),(11,'CENTRO COMUNITARIO EL PASTORCITO','10:00 a 17:00 (lun) 10:00 a 15:15 (mar y mié) y 13:00 a 16:00 (vie)','José P. T. Batlle Ordóñez e/M. Martínez Castro y Laguna, Man','19º','4919-7263'),(12,'Centro Educativo del Tango (CETBA)','17:00 a 22:00 (lun a vie)','Agrelo 3231','06º','4957-1382'),(13,'CENTRO POPULAR MATADEROS','14:00 a 17:30 (mart a jue)','Avda. Eva Perón 6336','20º','4686-2038'),(14,'CONVIVEN','10:00 a 12:15 (juev) 14:00 a 16:15 (vier)','Martiniano Leguizamon 2974','20º','4685-5995'),(15,'CORRALES',' 17:30 a 20:15 (lun a jue)','Corrales 3420','19º','4918-9636'),(16,'CORREA','16:00 a 19:30 (lun a vie)','Correa 3930','15º','4100-0014'),(17,'CUBA','18:00 a 21:00 (lun a vie)','Cuba 2039/2041','10º','4784-2390'),(18,'DEFENSA','17:30 a 20:30 (lun a vie)','Defensa 1431','04º','4362-0200'),(19,'DEHEZA','17:30 a 20:30 (mar a jue)','Deheza 4728','15º','4541-8402'),(20,'DON BOSCO','18:00 a 21:00 (lun a vie)','Don Bosco 4200','08º','4981-6615'),(21,'GUALEGUAYCHU','18:00 a 21:00 (lun a vie)','Gualeguaychú 550','18º','4671-5315'),(22,'HOGAR SAN JOSE','10:00 a 13:00 (mier)','Moreno 2472','6º','4308-1829/3021'),(23,'HOMERO','17:30 a 20:30 (lun a vie)','Homero 2159 - Saravia 2358','13º','4683-6366'),(24,'HORNOS','17.00 a 20.00 (mar y jue )','Gral. Hornos 530','05º','4307-7347'),(25,'INTEGRADOR ¨ALMAFUERTE¨','18:00 a 21:00 (lun mié jue y vie)','Avda. San Juan 2128','03º','4305-6925'),(26,'ISAURO ARANCIBIA','10:00 a 16:00 (mar. mier y juev)','Avda. Paseo Colon 1318','04º','4361-3985'),(27,'JUAN AGUSTÍN GARCIA','17:30 a 20:30 (lun a vie)','Juan Agustín García 1511','14º','4581-5608'),(28,'JUNCAL','18:00 a 21:00 (lun a vie)','Juncal 3131/3185','01º','4804-2411'),(29,'LAMBARE','18:00 a 21:00 (lun a vie)','Lambaré 975','02º','4862-5682'),(30,'LOS PILETONES','14:00 a 17:00 (lun a vie)','Manzana 1, Casa 29 (alt. Lacarra 2800)','21º','4919-8941'),(31,'MONTIEL','17:00 a 20:00 (lun a vie)','Montiel 153','20º','4641-0275'),(32,'MUSEO QUINQUELA MARTIN','14:00 a 17:00 (lun a jue)','Avda. Don Pedro de Mendoza 1835','04º','4301-1080'),(33,'PRINGLES','17:30 a 20:30 (lun a vie)','Pringles 1165','02º','4862-9561'),(34,'RINCON','10:00 a 12:15 (mar a jue)','Rincón 675','03º','4942-9910'),(35,'SAN CAYETANO','13:00 a 15:15 (lun y mier) 9:00 a 12:00 (lun a vier)','Cuzco 220','18º','4643-1101'),(36,'SAN NICOLAS','18:00 a 21:00 (lun a vie)','San Nicolás 588','12º','4671-0010'),(37,'SARAZA','17:00 a 20:00 (lun a vier)','Saraza 470','08º','4921-5637'),(38,'SARMIENTO','18:00 a 21:00 (lun a vie)','Sarmiento 2250','01º','4951-0834'),(39,'SIPAM','14:30 a 17:30 (lun, jue y vie)','Corrientes 718','01º','4325-3645'),(40,'SIPAM II','14:00 a 17:00 (martes)','Suarez 2570','5º','4303-3962'),(41,'TRAFUL','18:00 a 21:00 (lun a vie)','Traful 3847','05º','4911-3154'),(42,'VARELA','18:00 a 21:00 (lun a vie)','Varela 753','11º','4611-1152'),(43,'VENEZUELA','18:15 a 21:15 (lun a vie)','Venezuela 3259','06º','4861-1869');
/*!40000 ALTER TABLE `centros` ENABLE KEYS */;
UNLOCK TABLES;

--
-- Table structure for table `cursos`
--

DROP TABLE IF EXISTS `cursos`;
/*!40101 SET @saved_cs_client     = @@character_set_client */;
/*!40101 SET character_set_client = utf8 */;
CREATE TABLE `cursos` (
  `id` int(11) NOT NULL AUTO_INCREMENT,
  `nombre` varchar(90) NOT NULL,
  `barrio_id` int(11) NOT NULL,
  `categoria_id` int(11) NOT NULL,
  `centro_id` int(11) NOT NULL,
  `desde` date NOT NULL,
  `hasta` date NOT NULL,
  `duracion` varchar(60) NOT NULL,
  PRIMARY KEY (`id`)
) ENGINE=InnoDB AUTO_INCREMENT=586 DEFAULT CHARSET=latin1;
/*!40101 SET character_set_client = @saved_cs_client */;

--
-- Dumping data for table `cursos`
--

LOCK TABLES `cursos` WRITE;
/*!40000 ALTER TABLE `cursos` DISABLE KEYS */;
INSERT INTO `cursos` VALUES (1,'Administración de consorcio de propiedad horizontal',1,0,1,'0000-00-00','0000-00-00','Cuatrimestral'),(2,'Bordado en cinta',1,0,1,'0000-00-00','0000-00-00','Anual'),(3,'Bordado en piedra',1,0,1,'0000-00-00','0000-00-00','Cuatrimestral'),(4,'Cartonaje y Packaging',1,0,1,'0000-00-00','0000-00-00','Cuatrimestral'),(5,'Cocina fría (buffet froid)',1,0,1,'0000-00-00','0000-00-00','Anual'),(6,'Costura básica',1,0,1,'0000-00-00','0000-00-00','Anual'),(7,'Depilación',1,0,1,'0000-00-00','0000-00-00','Cuatrimestral'),(8,'Folklore',1,0,1,'0000-00-00','0000-00-00','Anual'),(9,'Fotografía',1,0,1,'0000-00-00','0000-00-00','Cuatrimestral '),(10,'Gestoría inmobiliaria',1,0,1,'0000-00-00','0000-00-00','Cuatrimestral'),(11,'Gimnasia',1,0,1,'0000-00-00','0000-00-00','Anual'),(12,'Informática básica',1,0,1,'0000-00-00','0000-00-00','Cuatrimestral '),(13,'Liquidación de sueldos y jornales',1,0,1,'0000-00-00','0000-00-00','Cuatrimestral '),(14,'Panadería artesanal',1,0,1,'0000-00-00','0000-00-00','Anual'),(15,'Peluquería',1,0,1,'0000-00-00','0000-00-00','Anual'),(16,'Portugués básico',1,0,1,'0000-00-00','0000-00-00','Anual'),(17,'Recuperación de muebles',1,0,1,'0000-00-00','0000-00-00','Cuatrimestral'),(18,'Regalería',1,0,1,'0000-00-00','0000-00-00','Cuatrimestral'),(19,'Repostería',1,0,1,'0000-00-00','0000-00-00','Anual'),(20,'Serigrafía básica',1,0,1,'0000-00-00','0000-00-00','Anual'),(21,'Taller literario',1,0,1,'0000-00-00','0000-00-00','Anual'),(22,'Tango',1,0,1,'0000-00-00','0000-00-00','Anual'),(23,'Telar',1,0,1,'0000-00-00','0000-00-00','Anual'),(24,'Yoga',1,0,1,'0000-00-00','0000-00-00','Anual'),(25,'Administración de consorcios de propiedad horizontal',2,0,2,'0000-00-00','0000-00-00','Anual'),(26,'Electricidad básica',2,0,2,'0000-00-00','0000-00-00','Cuatrimestral'),(27,'Gestión judicial',2,0,2,'0000-00-00','0000-00-00','Cuatrimestral'),(28,'Gestoría del automotor',2,0,2,'0000-00-00','0000-00-00','Cuatrimestral'),(29,'Gestoría inmobiliaria',2,0,2,'0000-00-00','0000-00-00','Cuatrimestral'),(30,'Informática básica',2,0,2,'0000-00-00','0000-00-00','Bimestral'),(31,'Instalaciones eléctricas domiciliarias',2,0,2,'0000-00-00','0000-00-00','Anual'),(32,'Negociación y resolución de conflictos (mediación)',2,0,2,'0000-00-00','0000-00-00','Bimestral'),(33,'Buffet Froid',2,0,3,'0000-00-00','0000-00-00','Anual'),(34,'Cerrajería domiciliaria',2,0,3,'0000-00-00','0000-00-00','Cuatrimestral '),(35,'Cine y Literatura',2,0,3,'0000-00-00','0000-00-00','Anual'),(36,'Coro',2,0,3,'0000-00-00','0000-00-00','Anual'),(37,'Crochet',2,0,3,'0000-00-00','0000-00-00','Anual'),(38,'Depilación',2,0,3,'0000-00-00','0000-00-00','Cuatrimestral'),(39,'Dibujo y pintura',2,0,3,'0000-00-00','0000-00-00','Anual'),(40,'Electricidad básica',2,0,3,'0000-00-00','0000-00-00','Cuatrimestral '),(41,'Flamenco',2,0,3,'0000-00-00','0000-00-00','Anual'),(42,'Folklore',2,0,3,'0000-00-00','0000-00-00','Anual'),(43,'Gimnasia recreativa',2,0,3,'0000-00-00','0000-00-00','Anual'),(44,'Guitarra',2,0,3,'0000-00-00','0000-00-00','Anual'),(45,'Manicuría',2,0,3,'0000-00-00','0000-00-00','Cuatrimestral'),(46,'Panadería artesanal',2,0,3,'0000-00-00','0000-00-00','Anual'),(47,'Taller literario',2,0,3,'0000-00-00','0000-00-00','Cuatrimestral'),(48,'Tango',2,0,3,'0000-00-00','0000-00-00','Anual'),(49,'Teatro',2,0,3,'0000-00-00','0000-00-00','Anual'),(50,'Tejidos a dos agujas',2,0,3,'0000-00-00','0000-00-00','Cuatrimestral'),(51,'Yoga',2,0,3,'0000-00-00','0000-00-00','Anual'),(52,'Administración de consorcios de propiedad horizontal',3,0,4,'0000-00-00','0000-00-00','Cuatrimestral '),(53,'Auxiliar Contable',3,0,4,'0000-00-00','0000-00-00','Cuatrimestral '),(54,'Cocina internacional',3,0,4,'0000-00-00','0000-00-00','Anual'),(55,'Corte y confección',3,0,4,'0000-00-00','0000-00-00','Anual'),(56,'Costura y Moldería',3,0,4,'0000-00-00','0000-00-00','Anual'),(57,'Dibujo',3,0,4,'0000-00-00','0000-00-00','Anual'),(58,'Danza contemporánea',3,0,4,'0000-00-00','0000-00-00','Anual'),(59,'Folklore',3,0,4,'0000-00-00','0000-00-00','Anual'),(60,'Guitarra',3,0,4,'0000-00-00','0000-00-00','Anual'),(61,'Informática básica',3,0,4,'0000-00-00','0000-00-00','Cuatrimestral'),(62,'Instalaciones eléctricas domiciliarias',3,0,4,'0000-00-00','0000-00-00','Cuatrimestral '),(63,'Liquidación de sueldos y jornales',3,0,4,'0000-00-00','0000-00-00','Cuatrimestral '),(64,'Manualidades en porcelana en frío',3,0,4,'0000-00-00','0000-00-00','Anual'),(65,'Manicuría y Belleza pédica',3,0,4,'0000-00-00','0000-00-00','Cuatrimestral '),(66,'Música',3,0,4,'0000-00-00','0000-00-00','Anual'),(67,'Pastelería',3,0,4,'0000-00-00','0000-00-00','Anual'),(68,'Pintura Artística',3,0,4,'0000-00-00','0000-00-00','Anual'),(69,'Pintura sobre tela',3,0,4,'0000-00-00','0000-00-00','Anual'),(70,'Taller de Ajedrez',3,0,4,'0000-00-00','0000-00-00','Anual'),(71,'Taller de comunicación',3,0,4,'0000-00-00','0000-00-00','Anual'),(72,'Taller literario',3,0,4,'0000-00-00','0000-00-00','Anual'),(73,'Tango',3,0,4,'0000-00-00','0000-00-00','Anual'),(74,'Teatro',3,0,4,'0000-00-00','0000-00-00','Anual'),(75,'Yoga',3,0,4,'0000-00-00','0000-00-00','Anual'),(76,'Administración de consorcios de propiedad horizontal',4,0,5,'0000-00-00','0000-00-00','Cuatrimestral '),(77,'Chino básico',4,0,5,'0000-00-00','0000-00-00','Cuatrimestral '),(78,'Cine y Literatura',4,0,5,'0000-00-00','0000-00-00','Anual'),(79,'Cocina básica',4,0,5,'0000-00-00','0000-00-00','Anual'),(80,'Dibujo',4,0,5,'0000-00-00','0000-00-00','Anual'),(81,'Gestoría del automotor',4,0,5,'0000-00-00','0000-00-00','Cuatrimestral'),(82,'Gimnasia',4,0,5,'0000-00-00','0000-00-00','Anual'),(83,'Informática básica',4,0,5,'0000-00-00','0000-00-00','Cuatrimestral '),(84,'Manicuría',4,0,5,'0000-00-00','0000-00-00','Cuatrimestral '),(85,'Manualidades mixtas',4,0,5,'0000-00-00','0000-00-00','Anual'),(86,'Maquillaje artístico',4,0,5,'0000-00-00','0000-00-00','Cuatrimestral '),(87,'Maquillaje social',4,0,5,'0000-00-00','0000-00-00','Cuatrimestral '),(88,'Música (Piano)',4,0,5,'0000-00-00','0000-00-00','Anual'),(89,'Pintura (artística)',4,0,5,'0000-00-00','0000-00-00','Anual'),(90,'Pintura sobre tela',4,0,5,'0000-00-00','0000-00-00','Anual'),(91,'Tango',4,0,5,'0000-00-00','0000-00-00','Anual'),(92,'Teatro',4,0,5,'0000-00-00','0000-00-00','Anual'),(93,'Telar',4,0,5,'0000-00-00','0000-00-00','Anual'),(94,'Yoga',4,0,5,'0000-00-00','0000-00-00','Anual'),(95,'Administración de consorcios de propiedad horizontal',5,0,6,'0000-00-00','0000-00-00','Anual'),(96,'Apoyo escolar primario',5,0,6,'0000-00-00','0000-00-00','Anual'),(97,'Artesanías en metales (Esmaltado s/metales)',5,0,6,'0000-00-00','0000-00-00','Anual'),(98,'Auxiliar Contable',5,0,6,'0000-00-00','0000-00-00','Cuatrimestral '),(99,'Buffet Froid',5,0,6,'0000-00-00','0000-00-00','Cuatrimestral '),(100,'Cerrajería domiciliaria',5,0,6,'0000-00-00','0000-00-00','Anual'),(101,'Chino básico',5,0,6,'0000-00-00','0000-00-00','Anual'),(102,'Corte y Confección',5,0,6,'0000-00-00','0000-00-00','Anual'),(103,'Informática básica',5,0,6,'0000-00-00','0000-00-00','Cuatrimestral'),(104,'Inglés básico',5,0,6,'0000-00-00','0000-00-00','Anual'),(105,'Introduccíon al Protocolo y Ceremonial',5,0,6,'0000-00-00','0000-00-00','Cuatrimestral '),(106,'Liquidación de sueldos y jornales',5,0,6,'0000-00-00','0000-00-00','Cuatrimestral'),(107,'Tango para niños',5,0,6,'0000-00-00','0000-00-00','Cuatrimestral '),(108,'Taller literario',5,0,6,'0000-00-00','0000-00-00','Anual'),(109,'Teatro ',5,0,6,'0000-00-00','0000-00-00','Anual'),(110,'Telar',5,0,6,'0000-00-00','0000-00-00','Anual'),(111,'Vitreaux - Vitrofusión',5,0,6,'0000-00-00','0000-00-00','Anual'),(112,'Yoga',5,0,6,'0000-00-00','0000-00-00','Anual'),(113,'Accesorios de la moda',6,0,7,'0000-00-00','0000-00-00','Cuatrimestral'),(114,'Administración de consorcios de propiedad horizontal ',6,0,7,'0000-00-00','0000-00-00','Anual'),(115,'Cocina fría (buffet froid)',6,0,7,'0000-00-00','0000-00-00','Anual'),(116,'Cocina naturista (e indú)',6,0,7,'0000-00-00','0000-00-00','Anual'),(117,'Consultor inmobiliario',6,0,7,'0000-00-00','0000-00-00','Anual'),(118,'Coro',6,0,7,'0000-00-00','0000-00-00','Anual'),(119,'Corsetería',6,0,7,'0000-00-00','0000-00-00','Anual'),(120,'Decoración artesanal de tortas',6,0,7,'0000-00-00','0000-00-00','Anual'),(121,'Fideero (Salsas, pastas y panes)',6,0,7,'0000-00-00','0000-00-00','Anual'),(122,'Folklore',6,0,7,'0000-00-00','0000-00-00','Anual'),(123,'Fotografía',6,0,7,'0000-00-00','0000-00-00','Cuatrimestral '),(124,'Gestoría del automotor',6,0,7,'0000-00-00','0000-00-00','Cuatrimestral '),(125,'Gimnasia localizada-modeladora',6,0,7,'0000-00-00','0000-00-00','Anual'),(126,'Manicuría y Belleza pédica',6,0,7,'0000-00-00','0000-00-00','Cuatrimestral'),(127,'Maquillaje Social',6,0,7,'0000-00-00','0000-00-00','Cuatrimestral'),(128,'Pastelería',6,0,7,'0000-00-00','0000-00-00','Anual'),(129,'Pátinas',6,0,7,'0000-00-00','0000-00-00','Cuatrimestral '),(130,'Pintura sobre madera',6,0,7,'0000-00-00','0000-00-00','Anual'),(131,'Ritmos latinos',6,0,7,'0000-00-00','0000-00-00','Anual'),(132,'Teatro',6,0,7,'0000-00-00','0000-00-00','Anual'),(133,'Telar',6,0,7,'0000-00-00','0000-00-00','Cuatrimestral '),(134,'Vitrofusión',6,0,7,'0000-00-00','0000-00-00','Anual'),(135,'Yoga',6,0,7,'0000-00-00','0000-00-00','Anual'),(136,'Administración de consorcios de propiedad horizontal ',7,0,8,'0000-00-00','0000-00-00','Cuatrimestral '),(137,'Apoyo escolar primario',7,0,8,'0000-00-00','0000-00-00','Anual'),(138,'Corte y Confección',7,0,8,'0000-00-00','0000-00-00','Anual'),(139,'Gimnasia',7,0,8,'0000-00-00','0000-00-00','Anual'),(140,'Inglés básico',7,0,8,'0000-00-00','0000-00-00','Anual'),(141,'Maquillaje Social',7,0,8,'0000-00-00','0000-00-00','Cuatrimestral '),(142,'Peluquería',7,0,8,'0000-00-00','0000-00-00','Anual'),(143,'Tango y folklore',7,0,8,'0000-00-00','0000-00-00','Anual'),(144,'Uñas esculpidas',7,0,8,'0000-00-00','0000-00-00','Cuatrimestral'),(145,'Yoga',7,0,8,'0000-00-00','0000-00-00','Anual'),(146,'Corte y Confección',7,0,9,'0000-00-00','0000-00-00','Anual'),(147,'Dibujo y pintura',7,0,9,'0000-00-00','0000-00-00','Anual'),(148,'Diseño gráfico e ilustración digital',7,0,9,'0000-00-00','0000-00-00','Cuatrimestral '),(149,'Informática básica',7,0,9,'0000-00-00','0000-00-00','Cuatrimestral '),(150,'Pastelería y repostería',7,0,9,'0000-00-00','0000-00-00','Anual'),(151,'Pintura sobre tela',7,0,9,'0000-00-00','0000-00-00','Anual'),(152,'Tejido y Telas',7,0,9,'0000-00-00','0000-00-00','Anual'),(153,'Apoyo escolar primario',8,0,10,'0000-00-00','0000-00-00','Anual'),(154,'Apoyo escolar secundario',8,0,10,'0000-00-00','0000-00-00','Anual'),(155,'Cocina Básica',8,0,10,'0000-00-00','0000-00-00','Anual'),(156,'Corte y Confección',8,0,10,'0000-00-00','0000-00-00','Anual'),(157,'Expresión corporal',8,0,10,'0000-00-00','0000-00-00','Anual'),(158,'Iniciación Deportiva',8,0,10,'0000-00-00','0000-00-00','Anual'),(159,'Juegoteca',8,0,10,'0000-00-00','0000-00-00','Anual'),(160,'Peluquería',8,0,10,'0000-00-00','0000-00-00','Anual'),(161,'Repostería',8,0,10,'0000-00-00','0000-00-00','Anual'),(162,'Taller de radio',8,0,10,'0000-00-00','0000-00-00','Anual'),(163,'Apoyo escolar primario',8,0,11,'0000-00-00','0000-00-00','Anual'),(164,'Cocina Básica',8,0,11,'0000-00-00','0000-00-00','Anual'),(165,'Gimnasia',8,0,11,'0000-00-00','0000-00-00','Anual'),(166,'Peluquería',8,0,11,'0000-00-00','0000-00-00','Anual'),(167,'Instructorado de Danza del Tango',2,0,12,'0000-00-00','0000-00-00','Anual'),(168,'Instructorado de Historia del Tango',2,0,12,'0000-00-00','0000-00-00','Anual'),(169,'Talleres Abiertos a la comunidad',2,0,12,'0000-00-00','0000-00-00','Anual/Cuatrimestral'),(170,'Apoyo escolar primario',7,0,13,'0000-00-00','0000-00-00','Anual'),(171,'Costura Básica',7,0,13,'0000-00-00','0000-00-00','Anual'),(172,'Decoración artesanal de tortas',7,0,13,'0000-00-00','0000-00-00','Anual'),(173,'Fotografía',7,0,13,'0000-00-00','0000-00-00','Anual'),(174,'Marroquinería',7,0,13,'0000-00-00','0000-00-00','Anual'),(175,'Panadería artesanal',7,0,13,'0000-00-00','0000-00-00','Anual'),(176,'Peluquería',7,0,13,'0000-00-00','0000-00-00','Anual'),(177,'Serigrafía básica',7,0,13,'0000-00-00','0000-00-00','Anual'),(178,'Tejido a dos aujas',7,0,13,'0000-00-00','0000-00-00','Anual'),(179,'Informática básica',7,0,14,'0000-00-00','0000-00-00','Cuatrimestral '),(180,'Animación comunitaria en deporte y recreación',8,0,15,'0000-00-00','0000-00-00','Anual'),(181,'Apoyo escolar primario',8,0,15,'0000-00-00','0000-00-00','Anual'),(182,'Cocina básica',8,0,15,'0000-00-00','0000-00-00','Anual'),(183,'Dibujo y pintura',8,0,15,'0000-00-00','0000-00-00','Anual'),(184,'Fotografía',8,0,15,'0000-00-00','0000-00-00','Anual'),(185,'Fútbol',8,0,15,'0000-00-00','0000-00-00','Anual'),(186,'Gimnasia',8,0,15,'0000-00-00','0000-00-00','Anual'),(187,'Guitarra',8,0,15,'0000-00-00','0000-00-00','Anual'),(188,'Handball',8,0,15,'0000-00-00','0000-00-00','Anual'),(189,'Informática básica',8,0,15,'0000-00-00','0000-00-00','Cuatrimestral'),(190,'Tango y Folklore',8,0,15,'0000-00-00','0000-00-00','Anual'),(191,'Teatro',8,0,15,'0000-00-00','0000-00-00','Anual'),(192,'Video-realización',8,0,15,'0000-00-00','0000-00-00','Anual'),(193,'Yoga',8,0,15,'0000-00-00','0000-00-00','Anual'),(194,'Animación comunitaria en deporte y recreación',9,0,16,'0000-00-00','0000-00-00','Anual'),(195,'Apoyo escolar primario',9,0,16,'0000-00-00','0000-00-00','Anual'),(196,'Apoyo escolar secundario',9,0,16,'0000-00-00','0000-00-00','Anual'),(197,'Cocina básica',9,0,16,'0000-00-00','0000-00-00','Anual'),(198,'Deporte y recreación',9,0,16,'0000-00-00','0000-00-00','Cuatrimestral '),(199,'Fabricación de pastas caseras',9,0,16,'0000-00-00','0000-00-00','Anual'),(200,'Panadería artesanal',9,0,16,'0000-00-00','0000-00-00','Anual'),(201,'Pastelería',9,0,16,'0000-00-00','0000-00-00','Anual'),(202,'Accesorios de la moda',10,0,17,'0000-00-00','0000-00-00','Anual'),(203,'Administración de consorcios de propiedad horizontal ',10,0,17,'0000-00-00','0000-00-00','Cuatrimestral'),(204,'Artesanías en cerámica',10,0,17,'0000-00-00','0000-00-00','Anual'),(205,'Artesanías en cuero',10,0,17,'0000-00-00','0000-00-00','Anual'),(206,'Blanquería',10,0,17,'0000-00-00','0000-00-00','Anual'),(207,'Cocina naturista',10,0,17,'0000-00-00','0000-00-00','Cuatrimestral'),(208,'Corte y Confección',10,0,17,'0000-00-00','0000-00-00','Anual'),(209,'Crochet',10,0,17,'0000-00-00','0000-00-00','Anual'),(210,'Folklore',10,0,17,'0000-00-00','0000-00-00','Anual'),(211,'Gimnasia localizada-modeladora',10,0,17,'0000-00-00','0000-00-00','Anual'),(212,'Manualidades en porcelana en frío',10,0,17,'0000-00-00','0000-00-00','Anual'),(213,'Manualidades mixtas',10,0,17,'0000-00-00','0000-00-00','Cuatrimestral'),(214,'Oratoria',10,0,17,'0000-00-00','0000-00-00','Cuatrimestral'),(215,'Pintura sobre tela',10,0,17,'0000-00-00','0000-00-00','Anual'),(216,'Taller literario',10,0,17,'0000-00-00','0000-00-00','Anual'),(217,'Teatro',10,0,17,'0000-00-00','0000-00-00','Anual'),(218,'Tejidos a dos agujas',10,0,17,'0000-00-00','0000-00-00','Anual'),(219,'Telar',10,0,17,'0000-00-00','0000-00-00','Anual'),(220,'Yoga',10,0,17,'0000-00-00','0000-00-00','Anual'),(221,'Administración de consorcios de propiedad horizontal',11,0,18,'0000-00-00','0000-00-00','Cuatrimestral '),(222,'Coro',11,0,18,'0000-00-00','0000-00-00','Anual'),(223,'Corte y Confección',11,0,18,'0000-00-00','0000-00-00','Anual'),(224,'Crochet',11,0,18,'0000-00-00','0000-00-00','Anual'),(225,'Folklore',11,0,18,'0000-00-00','0000-00-00','Anual'),(226,'Gimnasia',11,0,18,'0000-00-00','0000-00-00','Anual'),(227,'Informática básica',11,0,18,'0000-00-00','0000-00-00','Cuatrimestral '),(228,'Maquillaje social',11,0,18,'0000-00-00','0000-00-00','Anual'),(229,'Manualidades en porcelana en frío',11,0,18,'0000-00-00','0000-00-00','Anual'),(230,'Muñequería',11,0,18,'0000-00-00','0000-00-00','Anual'),(231,'Peluquería',11,0,18,'0000-00-00','0000-00-00','Anual'),(232,'Pintura sobre tela',11,0,18,'0000-00-00','0000-00-00','Anual'),(233,'Teatro',11,0,18,'0000-00-00','0000-00-00','Anual'),(234,'Telar',11,0,18,'0000-00-00','0000-00-00','Anual'),(235,'Yoga',11,0,18,'0000-00-00','0000-00-00','Anual'),(236,'Administración de consorcios de propiedad horizontal',9,0,19,'0000-00-00','0000-00-00','Anual'),(237,'Cerrajería domiciliaria',9,0,19,'0000-00-00','0000-00-00','Anual'),(238,'Coro',9,0,19,'0000-00-00','0000-00-00','Anual'),(239,'Costura básica',9,0,19,'0000-00-00','0000-00-00','Anual'),(240,'Crochet',9,0,19,'0000-00-00','0000-00-00','Anual'),(241,'Folklore',9,0,19,'0000-00-00','0000-00-00','Anual'),(242,'Gimnasia',9,0,19,'0000-00-00','0000-00-00','Anual'),(243,'Peluquería',9,0,19,'0000-00-00','0000-00-00','Anual'),(244,'Tango',9,0,19,'0000-00-00','0000-00-00','Anual'),(245,'Tejidos a dos agujas',9,0,19,'0000-00-00','0000-00-00','Anual'),(246,'Telar',9,0,19,'0000-00-00','0000-00-00','Anual'),(247,'Costura Básica',12,0,20,'0000-00-00','0000-00-00','Anual'),(248,'Crochet',12,0,20,'0000-00-00','0000-00-00','Cuatrimestral'),(249,'Dibujo y pintura',12,0,20,'0000-00-00','0000-00-00','Anual'),(250,'Electricidad Básica',12,0,20,'0000-00-00','0000-00-00','Cuatrimestral'),(251,'Expresión corporal',12,0,20,'0000-00-00','0000-00-00','Anual'),(252,'Folklore',12,0,20,'0000-00-00','0000-00-00','Anual'),(253,'Gestión judicial',12,0,20,'0000-00-00','0000-00-00','Cuatrimestral '),(254,'Gimnasia',12,0,20,'0000-00-00','0000-00-00','Anual'),(255,'Informática básica',12,0,20,'0000-00-00','0000-00-00','Cuatrimestral '),(256,'Liquidación de sueldos y jornales',12,0,20,'0000-00-00','0000-00-00','Cuatrimestral'),(257,'Maquillaje social',12,0,20,'0000-00-00','0000-00-00','Cuatrimestral'),(258,'Mozos y camareras',12,0,20,'0000-00-00','0000-00-00','Cuatrimestral '),(259,'Piano (lectura musical)',12,0,20,'0000-00-00','0000-00-00','Anual'),(260,'Pintura sobre madera',12,0,20,'0000-00-00','0000-00-00','Cuatrimestral'),(261,'Serigrafía básica',12,0,20,'0000-00-00','0000-00-00','Anual'),(262,'Taller de Lectura y Escritura',12,0,20,'0000-00-00','0000-00-00','Anual'),(263,'Taller literario',12,0,20,'0000-00-00','0000-00-00','Anual'),(264,'Tango',12,0,20,'0000-00-00','0000-00-00','Anual'),(265,'Teatro',12,0,20,'0000-00-00','0000-00-00','Anual'),(266,'Telar y tejido',12,0,20,'0000-00-00','0000-00-00','Anual'),(267,'Yoga',12,0,20,'0000-00-00','0000-00-00','Anual'),(268,'Ayudante de cocina (Módulo I)',13,0,21,'0000-00-00','0000-00-00','Anual'),(269,'Cocina vegetariana',13,0,21,'0000-00-00','0000-00-00','Cuatrimestral'),(270,'Corsetería',13,0,21,'0000-00-00','0000-00-00','Cuatrimestral'),(271,'Dibujo y pintura',13,0,21,'0000-00-00','0000-00-00','Anual'),(272,'Elaboración de Guiones',13,0,21,'0000-00-00','0000-00-00','Anual'),(273,'Encaje de bolillos',13,0,21,'0000-00-00','0000-00-00','Anual'),(274,'Especialista en tratamiento Estético facial',13,0,21,'0000-00-00','0000-00-00','Anual'),(275,'Gimnasia',13,0,21,'0000-00-00','0000-00-00','Anual'),(276,'Portugués básico',13,0,21,'0000-00-00','0000-00-00','Anual'),(277,'Repostería',13,0,21,'0000-00-00','0000-00-00','Cuatrimestral'),(278,'Taller de cine documental',13,0,21,'0000-00-00','0000-00-00','Anual'),(279,'Taller de comunicación',13,0,21,'0000-00-00','0000-00-00','Anual'),(280,'Taller literario',13,0,21,'0000-00-00','0000-00-00','Anual'),(281,'Teatro',13,0,21,'0000-00-00','0000-00-00','Anual'),(282,'Telar',13,0,21,'0000-00-00','0000-00-00','Anual'),(283,'Yoga',13,0,21,'0000-00-00','0000-00-00','Anual'),(284,'Electricidad Básica',14,0,22,'0000-00-00','0000-00-00','Anual'),(285,'Apoyo escolar en Inglés y Francés',15,0,23,'0000-00-00','0000-00-00','Anual'),(286,'Apoyo escolar primario',15,0,23,'0000-00-00','0000-00-00','Anual'),(287,'Apoyo escolar secundario',15,0,23,'0000-00-00','0000-00-00','Anual'),(288,'Blanquería',15,0,23,'0000-00-00','0000-00-00','Anual'),(289,'Coro',15,0,23,'0000-00-00','0000-00-00','Anual'),(290,'Decoración artesanal de tortas',15,0,23,'0000-00-00','0000-00-00','Anual'),(291,'Diseño gráfico e ilustración digital',15,0,23,'0000-00-00','0000-00-00','Cuatrimestral'),(292,'Folklore',15,0,23,'0000-00-00','0000-00-00','Anual'),(293,'Gimnasia recreativa',15,0,23,'0000-00-00','0000-00-00','Anual'),(294,'Guitarra',15,0,23,'0000-00-00','0000-00-00','Anual'),(295,'Informática básica',15,0,23,'0000-00-00','0000-00-00','Cuatrimestral '),(296,'Manicuría y Belleza pédica',15,0,23,'0000-00-00','0000-00-00','Cuatrimestral '),(297,'Panadería artesanal',15,0,23,'0000-00-00','0000-00-00','Anual'),(298,'Peluquería',15,0,23,'0000-00-00','0000-00-00','Anual'),(299,'Repostería',15,0,23,'0000-00-00','0000-00-00','Anual'),(300,'Serigrafía',15,0,23,'0000-00-00','0000-00-00','Anual'),(301,'Teatro',15,0,23,'0000-00-00','0000-00-00','Anual'),(302,'Voley',15,0,23,'0000-00-00','0000-00-00','Anual'),(303,'Administración de consorcios de propiedad horizontal',16,0,24,'0000-00-00','0000-00-00','Anual'),(304,'Comercialización y ventas',16,0,24,'0000-00-00','0000-00-00','Anual'),(305,'Chocolatería',16,0,24,'0000-00-00','0000-00-00','Anual'),(306,'Corte y confección',16,0,24,'0000-00-00','0000-00-00','Anual'),(307,'Decoración artesanal de tortas',16,0,24,'0000-00-00','0000-00-00','Anual'),(308,'Dibujo y pintura',16,0,24,'0000-00-00','0000-00-00','Anual'),(309,'Gimnasia',16,0,24,'0000-00-00','0000-00-00','Anual'),(310,'Inglés básico',16,0,24,'0000-00-00','0000-00-00','Anual'),(311,'Manicuría y Belleza pédica',16,0,24,'0000-00-00','0000-00-00','Cuatrimestral '),(312,'Maquillaje social',16,0,24,'0000-00-00','0000-00-00','Anual'),(313,'Pastelería y repostería',16,0,24,'0000-00-00','0000-00-00','Cuatrimestral'),(314,'Yoga',16,0,24,'0000-00-00','0000-00-00','Anual'),(315,'Artesanías en cerámica',17,0,25,'0000-00-00','0000-00-00','Anual'),(316,'Construcción de Instrumentos Musicales',17,0,25,'0000-00-00','0000-00-00','Anual'),(317,'Dibujo y pintura',17,0,25,'0000-00-00','0000-00-00','Anual'),(318,'Folklore',17,0,25,'0000-00-00','0000-00-00','Anual'),(319,'Música',17,0,25,'0000-00-00','0000-00-00','Anual'),(320,'Taller de Narración',17,0,25,'0000-00-00','0000-00-00','Anual'),(321,'Teatro',17,0,25,'0000-00-00','0000-00-00','Anual'),(322,'Telar',17,0,25,'0000-00-00','0000-00-00','Anual'),(323,'Video-realización ',17,0,25,'0000-00-00','0000-00-00','Cuatrimestral'),(324,'Corte y confección',11,0,26,'0000-00-00','0000-00-00','Anual'),(325,'Taller literario',11,0,26,'0000-00-00','0000-00-00','Anual'),(326,'Panadería y pastelería',11,0,26,'0000-00-00','0000-00-00','Anual'),(327,'Cocina básica',18,0,27,'0000-00-00','0000-00-00','Anual'),(328,'Cocina Naturista (Hindú y vegetariana)',18,0,27,'0000-00-00','0000-00-00','Anual'),(329,'Electricidad básica',18,0,27,'0000-00-00','0000-00-00','Anual'),(330,'Gimnasia',18,0,27,'0000-00-00','0000-00-00','Anual'),(331,'Informática básica',18,0,27,'0000-00-00','0000-00-00','Cuatrimestral '),(332,'Manicuría y Belleza pédica',18,0,27,'0000-00-00','0000-00-00','Cuatrimestral '),(333,'Manualidades mixtas',18,0,27,'0000-00-00','0000-00-00','Anual'),(334,'Maquillaje artístico',18,0,27,'0000-00-00','0000-00-00','Cuatrimestral'),(335,'Maquillaje social',18,0,27,'0000-00-00','0000-00-00','Anual'),(336,'Música',18,0,27,'0000-00-00','0000-00-00','Anual'),(337,'Organ. Y Gest. De negoc, Oficios y Profesiones',18,0,27,'0000-00-00','0000-00-00','Anual'),(338,'Portugués básico',18,0,27,'0000-00-00','0000-00-00','Anual'),(339,'Taller de radio',18,0,27,'0000-00-00','0000-00-00','Anual'),(340,'Taller literario',18,0,27,'0000-00-00','0000-00-00','Anual'),(341,'Tango',18,0,27,'0000-00-00','0000-00-00','Anual'),(342,'Teatro',18,0,27,'0000-00-00','0000-00-00','Anual'),(343,'Tejidos a dos agujas - crochet',18,0,27,'0000-00-00','0000-00-00','Anual'),(344,'Yoga',18,0,27,'0000-00-00','0000-00-00','Anual'),(345,'Administración de consorcios de propiedad horizontal ',5,0,28,'0000-00-00','0000-00-00','Cuatrimestral '),(346,'Animación comunitaria en deporte y recreación',5,0,28,'0000-00-00','0000-00-00','Cuatrimestral'),(347,'Artesanías en cuero',5,0,28,'0000-00-00','0000-00-00','Cuatrimestral'),(348,'Chocolatería',5,0,28,'0000-00-00','0000-00-00','Anual'),(349,'Cocina Básica',5,0,28,'0000-00-00','0000-00-00','Anual'),(350,'Cocina Internacional (etnica)',5,0,28,'0000-00-00','0000-00-00','Anual'),(351,'Cocina Regional ',5,0,28,'0000-00-00','0000-00-00','Anual'),(352,'Cosmetología',5,0,28,'0000-00-00','0000-00-00','Anual'),(353,'Corte y confección',5,0,28,'0000-00-00','0000-00-00','Anual'),(354,'Decoración artesanal de tortas',5,0,28,'0000-00-00','0000-00-00','Anual'),(355,'Dibujo',5,0,28,'0000-00-00','0000-00-00','Cuatrimestral'),(356,'Fotografía',5,0,28,'0000-00-00','0000-00-00','Cuatrimestral'),(357,'Géneros cinematográficos',5,0,28,'0000-00-00','0000-00-00','Anual'),(358,'Gimnasia localizada-modeladora',5,0,28,'0000-00-00','0000-00-00','Anual'),(359,'Gimnasia recreativa (Area Especial)',5,0,28,'0000-00-00','0000-00-00','Anual'),(360,'Grandes Directores',5,0,28,'0000-00-00','0000-00-00','Anual'),(361,'Manualidades mixtas (Area Especial)',5,0,28,'0000-00-00','0000-00-00','Anual'),(362,'Marquería',5,0,28,'0000-00-00','0000-00-00','Anual'),(363,'Música y movimiento',5,0,28,'0000-00-00','0000-00-00','Anual'),(364,'Musicoterapia (Area Especial)',5,0,28,'0000-00-00','0000-00-00','Anual'),(365,'Oratoria',5,0,28,'0000-00-00','0000-00-00','Cuatrimestral '),(366,'Panadería artesanal',5,0,28,'0000-00-00','0000-00-00','Anual'),(367,'Pastelería',5,0,28,'0000-00-00','0000-00-00','Anual'),(368,'Pintura',5,0,28,'0000-00-00','0000-00-00','Anual'),(369,'Pintura y cine',5,0,28,'0000-00-00','0000-00-00','Anual'),(370,'Plástica',5,0,28,'0000-00-00','0000-00-00','Anual'),(371,'Taller de cine y periodismo',5,0,28,'0000-00-00','0000-00-00','Anual'),(372,'Taller de comunicación',5,0,28,'0000-00-00','0000-00-00','Cuatrimestral'),(373,'Taller de Lectura ',5,0,28,'0000-00-00','0000-00-00','Cuatrimestral'),(374,'Taller de Narración',5,0,28,'0000-00-00','0000-00-00','Anual'),(375,'Teatro (Area Especial)',5,0,28,'0000-00-00','0000-00-00','Anual'),(376,'Telar',5,0,28,'0000-00-00','0000-00-00','Anual'),(377,'Video-realización (Area Especial)',5,0,28,'0000-00-00','0000-00-00','Anual'),(378,'Yoga',5,0,28,'0000-00-00','0000-00-00','Anual'),(379,'Administración de consorcios de propiedad horizontal ',12,0,29,'0000-00-00','0000-00-00','Cuatrimestral '),(380,'Arte francés',12,0,29,'0000-00-00','0000-00-00','Anual'),(381,'Artesanías en cerámica',12,0,29,'0000-00-00','0000-00-00','Anual'),(382,'Bijouterie',12,0,29,'0000-00-00','0000-00-00','Anual'),(383,'Bordado en cinta',12,0,29,'0000-00-00','0000-00-00','Anual'),(384,'Calzado artesanal',12,0,29,'0000-00-00','0000-00-00','Anual'),(385,'Cerrajería domiciliaria',12,0,29,'0000-00-00','0000-00-00','Anual'),(386,'Coro',12,0,29,'0000-00-00','0000-00-00','Anual'),(387,'Corte y Confección',12,0,29,'0000-00-00','0000-00-00','Anual'),(388,'Crochet',12,0,29,'0000-00-00','0000-00-00','Anual'),(389,'Decoración artesanal de tortas',12,0,29,'0000-00-00','0000-00-00','Anual'),(390,'Dibujo y pintura',12,0,29,'0000-00-00','0000-00-00','Anual'),(391,'Electricidad básica',12,0,29,'0000-00-00','0000-00-00','Cuatrimestral '),(392,'Gimnasia',12,0,29,'0000-00-00','0000-00-00','Anual'),(393,'Informática básica',12,0,29,'0000-00-00','0000-00-00','Cuatrimestral '),(394,'Macramé',12,0,29,'0000-00-00','0000-00-00','Anual'),(395,'Manicuría y Belleza pédica',12,0,29,'0000-00-00','0000-00-00','Cuatrimestral'),(396,'Mozos y camareras',12,0,29,'0000-00-00','0000-00-00','Anual'),(397,'Tango',12,0,29,'0000-00-00','0000-00-00','Anual'),(398,'Tejidos a dos agujas',12,0,29,'0000-00-00','0000-00-00','Anual'),(399,'Telar',12,0,29,'0000-00-00','0000-00-00','Anual'),(400,'Yoga',12,0,29,'0000-00-00','0000-00-00','Anual'),(401,'Animación comunitaria en deporte y recreación',8,0,30,'0000-00-00','0000-00-00','Anual'),(402,'Apoyo escolar de Inglés',8,0,30,'0000-00-00','0000-00-00','Anual'),(403,'Apoyo escolar primario',8,0,30,'0000-00-00','0000-00-00','Anual'),(404,'Apoyo escolar secundario',8,0,30,'0000-00-00','0000-00-00','Anual'),(405,'Artesanías en cerámica',8,0,30,'0000-00-00','0000-00-00','Anual'),(406,'Informática básica',8,0,30,'0000-00-00','0000-00-00','Anual'),(407,'Juegoteca',8,0,30,'0000-00-00','0000-00-00','Anual'),(408,'Artesanías en cuero',19,0,31,'0000-00-00','0000-00-00','Anual'),(409,'Calzado artesanal',19,0,31,'0000-00-00','0000-00-00','Anual'),(410,'Coro',19,0,31,'0000-00-00','0000-00-00','Anual'),(411,'Corsetería',19,0,31,'0000-00-00','0000-00-00','Anual'),(412,'Depilación',19,0,31,'0000-00-00','0000-00-00','Cuatrimestral'),(413,'Folklore',19,0,31,'0000-00-00','0000-00-00','Anual'),(414,'Gestoría del Automotor',19,0,31,'0000-00-00','0000-00-00','Cuatrimestral'),(415,'Informática básica',19,0,31,'0000-00-00','0000-00-00','Cuatrimestral '),(416,'Instalaciones eléctricas domiciliarias',19,0,31,'0000-00-00','0000-00-00','Cuatrimestral '),(417,'Manualidades mixtas',19,0,31,'0000-00-00','0000-00-00','Anual'),(418,'Maquillaje artístico',19,0,31,'0000-00-00','0000-00-00','Cuatrimestral'),(419,'Pátinas',19,0,31,'0000-00-00','0000-00-00','Anual'),(420,'Pintura sobre tela',19,0,31,'0000-00-00','0000-00-00','Cuatrimestral'),(421,'Serigrafía básica',19,0,31,'0000-00-00','0000-00-00','Anual'),(422,'Tango',19,0,31,'0000-00-00','0000-00-00','Anual'),(423,'Tapices',19,0,31,'0000-00-00','0000-00-00','Anual'),(424,'Artesanías en cerámica',20,0,32,'0000-00-00','0000-00-00','Anual'),(425,'Artesanías en cuero',20,0,32,'0000-00-00','0000-00-00','Anual'),(426,'Artesanías en metales',20,0,32,'0000-00-00','0000-00-00','Anual'),(427,'Bijouterie',20,0,32,'0000-00-00','0000-00-00','Cuatrimestral '),(428,'Dibujo y pintura',20,0,32,'0000-00-00','0000-00-00','Anual'),(429,'Inglés básico',20,0,32,'0000-00-00','0000-00-00','Anual'),(430,'Manualidades en porcelana en frío',20,0,32,'0000-00-00','0000-00-00','Anual'),(431,'Maquillaje social',20,0,32,'0000-00-00','0000-00-00','Cuatrimestral '),(432,'Restauración de pintura de caballete',20,0,32,'0000-00-00','0000-00-00','Anual'),(433,'Vitreaux',20,0,32,'0000-00-00','0000-00-00','Anual'),(434,'Accesorios de la moda',12,0,33,'0000-00-00','0000-00-00','Cuatrimestral'),(435,'Administración de consorcios de propiedad horizontal',12,0,33,'0000-00-00','0000-00-00','Cuatrimestral '),(436,'Chocolatería',12,0,33,'0000-00-00','0000-00-00','Cuatrimestral '),(437,'Chocolates y golosinas',12,0,33,'0000-00-00','0000-00-00','Cuatrimestral '),(438,'Cocina básica',12,0,33,'0000-00-00','0000-00-00','Anual'),(439,'Cocina fría (buffet froid)',12,0,33,'0000-00-00','0000-00-00','Cuatrimestral'),(440,'Cocina Internacional',12,0,33,'0000-00-00','0000-00-00','Cuatrimestral'),(441,'Coktelería',12,0,33,'0000-00-00','0000-00-00','Cuatrimestral '),(442,'Corsetería',12,0,33,'0000-00-00','0000-00-00','Anual'),(443,'Corte y Confección - Indumentaria niños',12,0,33,'0000-00-00','0000-00-00','Anual'),(444,'Crochet',12,0,33,'0000-00-00','0000-00-00','Anual'),(445,'Decoración artesanal de tortas',12,0,33,'0000-00-00','0000-00-00','Anual'),(446,'Encaje de bolillos',12,0,33,'0000-00-00','0000-00-00','Anual'),(447,'Corsetería',12,0,33,'0000-00-00','0000-00-00','Cuatrimestral'),(448,'Fotografía',12,0,33,'0000-00-00','0000-00-00','Cuatrimestral '),(449,'Gestión de eventos gastronómicos',12,0,33,'0000-00-00','0000-00-00','Anual'),(450,'Gestoría del Automotor',12,0,33,'0000-00-00','0000-00-00','Cuatrimestral'),(451,'Gestión de eventos gastronómicos',12,0,33,'0000-00-00','0000-00-00','Cuatrimestral'),(452,'Gestión Inmobiliaria',12,0,33,'0000-00-00','0000-00-00','Cuatrimestral'),(453,'Gimnasia',12,0,33,'0000-00-00','0000-00-00','Anual'),(454,'Introducción al mundo del vino',12,0,33,'0000-00-00','0000-00-00','Cuatrimestral'),(455,'Manicuría y Belleza pédica',12,0,33,'0000-00-00','0000-00-00','Cuatrimestral'),(456,'Maquillaje social',12,0,33,'0000-00-00','0000-00-00','Cuatrimestral'),(457,'Panadería artesanal',12,0,33,'0000-00-00','0000-00-00','Anual'),(458,'Panadería artesanal',12,0,33,'0000-00-00','0000-00-00','Cuatrimestral'),(459,'Repostería Básica',12,0,33,'0000-00-00','0000-00-00','Cuatrimestral'),(460,'Taller literario',12,0,33,'0000-00-00','0000-00-00','Anual'),(461,'Tango',12,0,33,'0000-00-00','0000-00-00','Anual'),(462,'Técnica de restauración de muebles',12,0,33,'0000-00-00','0000-00-00','Anual'),(463,'Yoga',12,0,33,'0000-00-00','0000-00-00','Anual'),(464,'Dibujo y pintura',2,0,34,'0000-00-00','0000-00-00','Anual'),(465,'Restauración de marcos',12,0,33,'0000-00-00','0000-00-00','Cuatrimestral'),(466,'Electricidad Básica',2,0,34,'0000-00-00','0000-00-00','Cuatrimestral'),(467,'Panadería artesanal',2,0,34,'0000-00-00','0000-00-00','Anual'),(468,'Yoga',2,0,34,'0000-00-00','0000-00-00','Anual'),(469,'Auxiliar de servicio doméstico',19,0,35,'0000-00-00','0000-00-00','Bimestral'),(470,'Cuidado de Personas',19,0,35,'0000-00-00','0000-00-00','Bimestral'),(471,'Informática básica',19,0,35,'0000-00-00','0000-00-00','Bimestral'),(472,'Panadería artesanal',19,0,35,'0000-00-00','0000-00-00','Bimestral'),(473,'Artesanías en cerámica',13,0,36,'0000-00-00','0000-00-00','Anual'),(474,'Gasista instalador de 2º Categoría',13,0,36,'0000-00-00','0000-00-00','Cuatrimestral '),(475,'Gasista instalador de 3º Categoría',13,0,36,'0000-00-00','0000-00-00','Cuatrimestral'),(476,'Moldería para niños',13,0,36,'0000-00-00','0000-00-00','Cuatrimestral '),(477,'Plomero instalador',13,0,36,'0000-00-00','0000-00-00','Cuatrimestral '),(478,'Plomero reparador',13,0,36,'0000-00-00','0000-00-00','Cuatrimestral'),(479,'Serigrafía básica',13,0,36,'0000-00-00','0000-00-00','Cuatrimestral '),(480,'Taller de costura',13,0,36,'0000-00-00','0000-00-00','Cuatrimestral '),(481,'Telar',13,0,36,'0000-00-00','0000-00-00','Cuatrimestral'),(482,'Vitreaux',13,0,36,'0000-00-00','0000-00-00','Cuatrimestral '),(483,'Vitrofusión',13,0,36,'0000-00-00','0000-00-00','Cuatrimestral '),(484,'Alta costura',21,0,37,'0000-00-00','0000-00-00','Anual'),(485,'Apoyo escolar primario',21,0,37,'0000-00-00','0000-00-00','Anual'),(486,'Arte visual (fuera de nomenclador)',21,0,37,'0000-00-00','0000-00-00','Anual'),(487,'Artesanías en cuero',21,0,37,'0000-00-00','0000-00-00','Anual'),(488,'Calado en madera',21,0,37,'0000-00-00','0000-00-00','Cuatrimestral'),(489,'Cocina básica',21,0,37,'0000-00-00','0000-00-00','Anual'),(490,'Cocina fría (buffet froid)',21,0,37,'0000-00-00','0000-00-00','Cuatrimestral'),(491,'Corte y Confección - Indumentaria niños',21,0,37,'0000-00-00','0000-00-00','Cuatrimestral'),(492,'Depilación',21,0,37,'0000-00-00','0000-00-00','Cuatrimestral'),(493,'Folklore',21,0,37,'0000-00-00','0000-00-00','Anual'),(494,'Juegos expresivos (fuera de nomenclador)',21,0,37,'0000-00-00','0000-00-00','Anual'),(495,'Manicuría y Belleza pédica',21,0,37,'0000-00-00','0000-00-00','Cuatrimestral'),(496,'Peluquería',21,0,37,'0000-00-00','0000-00-00','Anual'),(497,'Repostería',21,0,37,'0000-00-00','0000-00-00','Anual'),(498,'Souvenirs',21,0,37,'0000-00-00','0000-00-00','Cuatrimestral'),(499,'Tango ',21,0,37,'0000-00-00','0000-00-00','Anual'),(500,'Tango para niños',21,0,37,'0000-00-00','0000-00-00','Anual'),(501,'Yoga',21,0,37,'0000-00-00','0000-00-00','Anual'),(502,'Administración de consorcios de propiedad horizontal ',2,0,38,'0000-00-00','0000-00-00','Cuatrimestral '),(503,'Artesanías en batik',2,0,38,'0000-00-00','0000-00-00','Cuatrimestral '),(504,'Bijouterie',2,0,38,'0000-00-00','0000-00-00','Anual'),(505,'Corte y confección',2,0,38,'0000-00-00','0000-00-00','Anual'),(506,'Crochet',2,0,38,'0000-00-00','0000-00-00','Anual'),(507,'Electricidad Básica',2,0,38,'0000-00-00','0000-00-00','Anual'),(508,'Especialista en tratamiento Estético facial',2,0,38,'0000-00-00','0000-00-00','Anual'),(509,'Formación de especialista en yoga',2,0,38,'0000-00-00','0000-00-00','Anual'),(510,'Fotografía',2,0,38,'0000-00-00','0000-00-00','Cuatrimestral '),(511,'Gestión judicial',2,0,38,'0000-00-00','0000-00-00','Cuatrimestral '),(512,'Gimnasia',2,0,38,'0000-00-00','0000-00-00','Anual'),(513,'Instalación de alarmas',2,0,38,'0000-00-00','0000-00-00','Cuatrimestral '),(514,'Instalaciones eléctricas domiciliarias',2,0,38,'0000-00-00','0000-00-00','Anual'),(515,'Instructorado de yoga',2,0,38,'0000-00-00','0000-00-00','Anual'),(516,'Liquidación de sueldos de encargado de edificio de renta y horizontal',2,0,38,'0000-00-00','0000-00-00','Cuatrimestral'),(517,'Macramé',2,0,38,'0000-00-00','0000-00-00','Anual'),(518,'Pintura',2,0,38,'0000-00-00','0000-00-00','Anual'),(519,'Sistema de seguridad',2,0,38,'0000-00-00','0000-00-00','Cuatrimestral'),(520,'Taller de comunicación',2,0,38,'0000-00-00','0000-00-00','Anual'),(521,'Taller de Narración',2,0,38,'0000-00-00','0000-00-00','Anual'),(522,'Técnicas artesanales mixtas',2,0,38,'0000-00-00','0000-00-00','Cuatrimestral'),(523,'Yoga',2,0,38,'0000-00-00','0000-00-00','Anual'),(524,'Canto y expresión',22,0,39,'0000-00-00','0000-00-00','Anual'),(525,'Dibujo y pintura',22,0,39,'0000-00-00','0000-00-00','Anual'),(526,'Juegoteca',22,0,39,'0000-00-00','0000-00-00','Anual'),(527,'Manualidades mixtas',22,0,39,'0000-00-00','0000-00-00','Anual'),(528,'Taller de comunicación',22,0,39,'0000-00-00','0000-00-00','Anual'),(529,'Calzado artesanal',16,0,40,'0000-00-00','0000-00-00','Anual'),(530,'Administración de consorcios de propiedad horizontal',23,0,41,'0000-00-00','0000-00-00','Anual'),(531,'Artesanías en cuero',23,0,41,'0000-00-00','0000-00-00','Anual'),(532,'Buffet Froid',23,0,41,'0000-00-00','0000-00-00','Cuatrimestral'),(533,'Cerrajería domiciliaria',23,0,41,'0000-00-00','0000-00-00','Anual'),(534,'Cocina básica',23,0,41,'0000-00-00','0000-00-00','Anual'),(535,'Corte y Confección',23,0,41,'0000-00-00','0000-00-00','Anual'),(536,'Depilación',23,0,41,'0000-00-00','0000-00-00','Cuatrimestral'),(537,'Dibujo',23,0,41,'0000-00-00','0000-00-00','Cuatrimestral'),(538,'Electricidad básica',23,0,41,'0000-00-00','0000-00-00','Anual'),(539,'Estética facial',23,0,41,'0000-00-00','0000-00-00','Anual'),(540,'Folklore',23,0,41,'0000-00-00','0000-00-00','Anual'),(541,'Gimnasia',23,0,41,'0000-00-00','0000-00-00','Anual'),(542,'Informática básica',23,0,41,'0000-00-00','0000-00-00','Cuatrimestral '),(543,'Liquidación de sueldos y jornales',23,0,41,'0000-00-00','0000-00-00','Cuatrimestral '),(544,'Maquillaje social',23,0,41,'0000-00-00','0000-00-00','Cuatrimestral '),(545,'Manualidades mixtas',23,0,41,'0000-00-00','0000-00-00','Anual'),(546,'Panadería artesanal',23,0,41,'0000-00-00','0000-00-00','Anual'),(547,'Peluquería',23,0,41,'0000-00-00','0000-00-00','Anual'),(548,'Tango',23,0,41,'0000-00-00','0000-00-00','Anual'),(549,'Tejidos',23,0,41,'0000-00-00','0000-00-00','Anual'),(550,'Yoga',23,0,41,'0000-00-00','0000-00-00','Anual'),(551,'Mozos y camareras',23,0,41,'0000-00-00','0000-00-00','Cuatrimestral'),(552,'Artesanías en batik',4,0,42,'0000-00-00','0000-00-00','Cuatrimestral'),(553,'Artesanías en cuero',4,0,42,'0000-00-00','0000-00-00','Anual'),(554,'Blanquería',4,0,42,'0000-00-00','0000-00-00','Anual'),(555,'Calado en madera',4,0,42,'0000-00-00','0000-00-00','Anual'),(556,'Calzado artesanal',4,0,42,'0000-00-00','0000-00-00','Anual'),(557,'Carpintería básica',4,0,42,'0000-00-00','0000-00-00','Anual'),(558,'Depilación',4,0,42,'0000-00-00','0000-00-00','Cuatrimestral'),(559,'Dibujo',4,0,42,'0000-00-00','0000-00-00','Anual'),(560,'Fotografía',4,0,42,'0000-00-00','0000-00-00','Cuatrimestral '),(561,'Gestión judicial',4,0,42,'0000-00-00','0000-00-00','Cuatrimestral '),(562,'Introduccíon al Protocolo y Ceremonial',4,0,42,'0000-00-00','0000-00-00','Cuatrimestral'),(563,'Macramé',4,0,42,'0000-00-00','0000-00-00','Anual'),(564,'Manualidades en porcelana en frío',4,0,42,'0000-00-00','0000-00-00','Anual'),(565,'Manualidades en velas, jabones y aromas',4,0,42,'0000-00-00','0000-00-00','Anual'),(566,'Manualidades mixtas',4,0,42,'0000-00-00','0000-00-00','Anual'),(567,'Moldería ',4,0,42,'0000-00-00','0000-00-00','Cuatrimestral'),(568,'Panadería artesanal',4,0,42,'0000-00-00','0000-00-00','Cuatrimestral'),(569,'Pastelería y Repostería',4,0,42,'0000-00-00','0000-00-00','Cuatrimestral'),(570,'Pintura',4,0,42,'0000-00-00','0000-00-00','Anual'),(571,'Pintura en seda natural',4,0,42,'0000-00-00','0000-00-00','Cuatrimestral'),(572,'Restauración de pintura de caballete',4,0,42,'0000-00-00','0000-00-00','Anual'),(573,'Taller de Publicidad',4,0,42,'0000-00-00','0000-00-00','Anual'),(574,'Taller de Técnicas en comunicación',4,0,42,'0000-00-00','0000-00-00','Anual'),(575,'Tejidos',4,0,42,'0000-00-00','0000-00-00','Anual'),(576,'Telar',4,0,42,'0000-00-00','0000-00-00','Anual'),(577,'Uñas esculpidas',4,0,42,'0000-00-00','0000-00-00','Cuatrimestral'),(578,'Vitreaux',4,0,42,'0000-00-00','0000-00-00','Anual'),(579,'Yoga',4,0,42,'0000-00-00','0000-00-00','Anual'),(580,'Albañilería básica',2,0,43,'0000-00-00','0000-00-00','Cuatrimestral '),(581,'Cerrajería domiciliaria',2,0,43,'0000-00-00','0000-00-00','Cuatrimestral '),(582,'Herrería de obra',2,0,43,'0000-00-00','0000-00-00','Cuatrimestral '),(583,'Instalaciones eléctricas domiciliarias',2,0,43,'0000-00-00','0000-00-00','Cuatrimestral '),(584,'Plomero Instalador',2,0,43,'0000-00-00','0000-00-00','Anual'),(585,'Plomero reparador',2,0,43,'0000-00-00','0000-00-00','Cuatrimestral ');
/*!40000 ALTER TABLE `cursos` ENABLE KEYS */;
UNLOCK TABLES;
/*!40103 SET TIME_ZONE=@OLD_TIME_ZONE */;

/*!40101 SET SQL_MODE=@OLD_SQL_MODE */;
/*!40014 SET FOREIGN_KEY_CHECKS=@OLD_FOREIGN_KEY_CHECKS */;
/*!40014 SET UNIQUE_CHECKS=@OLD_UNIQUE_CHECKS */;
/*!40101 SET CHARACTER_SET_CLIENT=@OLD_CHARACTER_SET_CLIENT */;
/*!40101 SET CHARACTER_SET_RESULTS=@OLD_CHARACTER_SET_RESULTS */;
/*!40101 SET COLLATION_CONNECTION=@OLD_COLLATION_CONNECTION */;
/*!40111 SET SQL_NOTES=@OLD_SQL_NOTES */;

-- Dump completed on 2012-11-09  0:58:01
